LL;LANG;NAME
50.0595854,14.3255407;en;Prague
